Problem Name,Row Type,Title,Body Text,Answer,answerType,HintID,Dependency,mcChoices,Images (space delimited),Parent,OER src,openstax KC,KC,Taxonomy,License,Unnamed: 16,Unnamed: 17,Validator Check,Time Last Checked,Debug Link,Problem ID,Lesson ID,Image Checksum,Lesson Name
prealg_4.1_ex1,problem,Visualize Fractions,,,,,,,,,https://openstax.org/books/prealgebra-2e/pages/4-1-visualize-fractions <OpenStax: Prealgebra 2e>,Visualize Fractions,Visualize Fractions,,https://creativecommons.org/licenses/by/4.0/ <CC BY 4.0>,,,,,,,,
prealg_4.1_ex1,step,Example 4.1,Name the fraction of the shape that is shaded.,3/8,algebra,,,,https://github.com/alleyla/WazaTutor-Content/blob/main/assets/prealg_4.1_ex1.png?raw=true,,,,,,,,,,,,,,
prealg_4.1_ex1,hint,Count the total parts,"First, count the total number of equal parts the shape is divided into. This will be your denominator.",,,h1,,,,,,,,,,,,,,,,,
prealg_4.1_ex1,hint,Count the shaded parts,"Next, count only the parts that are shaded. This will be your numerator.",,,h2,h1,,,,,,,,,,,,,,,,
prealg_4.1_ex1,hint,Write the fraction,"Place the number of shaded parts over the total number of parts: $$\frac{\text{shaded}}{\text{total}}$$ (3 shaded over 8 total).",,,h3,h2,,,,,,,,,,,,,,,,
prealg_4.1_try1,problem,Visualize Fractions,,,,,,,,,https://openstax.org/books/prealgebra-2e/pages/4-1-visualize-fractions <OpenStax: Prealgebra 2e>,Visualize Fractions,Visualize Fractions,,https://creativecommons.org/licenses/by/4.0/ <CC BY 4.0>,,,,,,,,
prealg_4.1_try1,step,Try It 4.1,Name the fraction of the shape that is shaded.,3/4,algebra,,,,https://github.com/alleyla/WazaTutor-Content/blob/main/assets/prealg_4.1_try1.png?raw=true,,,,,,,,,,,,,,
prealg_4.1_try1,hint,Total parts,The circle is divided into 4 equal parts.,,,h1,,,,,,,,,,,,,,,,,
prealg_4.1_try1,hint,Shaded parts,3 parts are shaded.,,,h2,h1,,,,,,,,,,,,,,,,
prealg_4.1_try2,problem,Visualize Fractions,,,,,,,,,https://openstax.org/books/prealgebra-2e/pages/4-1-visualize-fractions <OpenStax: Prealgebra 2e>,Visualize Fractions,Visualize Fractions,,https://creativecommons.org/licenses/by/4.0/ <CC BY 4.0>,,,,,,,,
prealg_4.1_try2,step,Try It 4.2,Name the fraction of the shape that is shaded.,3/5,algebra,,,,https://github.com/alleyla/WazaTutor-Content/blob/main/assets/prealg_4.1_try2.png?raw=true,,,,,,,,,,,,,,
prealg_4.1_try2,hint,Total parts,The circle is divided into 5 equal parts.,,,h1,,,,,,,,,,,,,,,,,
prealg_4.1_try2,hint,Shaded parts,3 parts are shaded.,,,h2,h1,,,,,,,,,,,,,,,,
prealg_4.1_ex2,problem,Visualize Fractions,,,,,,,,,https://openstax.org/books/prealgebra-2e/pages/4-1-visualize-fractions <OpenStax: Prealgebra 2e>,Visualize Fractions,Visualize Fractions,,https://creativecommons.org/licenses/by/4.0/ <CC BY 4.0>,,,,,,,,
prealg_4.1_ex2,step,Example 4.2,Name the fraction of the shape that is shaded.,2/3,algebra,,,,https://github.com/alleyla/WazaTutor-Content/blob/main/assets/prealg_4.1_ex2.png?raw=true,,,,,,,,,,,,,,
prealg_4.1_ex2,hint,Total parts,Count how many equal sections the rectangle is split into.,,,h1,,,,,,,,,,,,,,,,,
prealg_4.1_ex2,hint,Shaded parts,Count how many of those sections are colored in.,,,h2,h1,,,,,,,,,,,,,,,,
prealg_4.1_try3,problem,Visualize Fractions,,,,,,,,,https://openstax.org/books/prealgebra-2e/pages/4-1-visualize-fractions <OpenStax: Prealgebra 2e>,Visualize Fractions,Visualize Fractions,,https://creativecommons.org/licenses/by/4.0/ <CC BY 4.0>,,,,,,,,
prealg_4.1_try3,step,Try It 4.3,Name the fraction of the shape that is shaded.,2/5,algebra,,,,https://github.com/alleyla/WazaTutor-Content/blob/main/assets/prealg_4.1_try3.png?raw=true,,,,,,,,,,,,,,
prealg_4.1_try3,hint,Total parts,The rectangle has 5 equal parts.,,,h1,,,,,,,,,,,,,,,,,
prealg_4.1_try3,hint,Shaded parts,2 parts are shaded.,,,h2,h1,,,,,,,,,,,,,,,,
prealg_4.1_try4,problem,Visualize Fractions,,,,,,,,,https://openstax.org/books/prealgebra-2e/pages/4-1-visualize-fractions <OpenStax: Prealgebra 2e>,Visualize Fractions,Visualize Fractions,,https://creativecommons.org/licenses/by/4.0/ <CC BY 4.0>,,,,,,,,
prealg_4.1_try4,step,Try It 4.4,Name the fraction of the shape that is shaded.,3/8,algebra,,,,https://github.com/alleyla/WazaTutor-Content/blob/main/assets/prealg_4.1_try4.png?raw=true,,,,,,,,,,,,,,
prealg_4.1_try4,hint,Total parts,The rectangle has 8 equal parts.,,,h1,,,,,,,,,,,,,,,,,
prealg_4.1_try4,hint,Shaded parts,3 parts are shaded.,,,h2,h1,,,,,,,,,,,,,,,,
prealg_4.1_ex3,problem,Improper Fractions,,,,,,,,,https://openstax.org/books/prealgebra-2e/pages/4-1-visualize-fractions <OpenStax: Prealgebra 2e>,Improper Fractions,Improper Fractions,,https://creativecommons.org/licenses/by/4.0/ <CC BY 4.0>,,,,,,,,
prealg_4.1_ex3,step,Example 4.3,Name the improper fraction modeled. Then write the improper fraction as a mixed number.,5/3,algebra,,,,https://github.com/alleyla/WazaTutor-Content/blob/main/assets/prealg_4.1_ex3.png?raw=true,,,,,,,,,,,,,,
prealg_4.1_ex3,scaffold,Improper Fraction,"First, identify the improper fraction. How many pieces is each whole circle divided into? (This is your denominator). Count the total shaded pieces (This is your numerator).",5/3,algebra,s1,,,,,,,,,,,,,,,,,
prealg_4.1_ex3,scaffold,Mixed Number,"Now, look at the whole shapes. How many full circles are shaded? What fraction of the last circle is shaded? Write this as a mixed number.",1 2/3,algebra,s2,s1,,,,,,,,,,,,,,,,
prealg_4.1_ex3,hint,Denominator,"Each circle is divided into 3 equal pieces, so the denominator is 3.",,,h1,,,,,,,,,,,,,,,,,
prealg_4.1_ex3,hint,Numerator,"There are 5 shaded pieces in total, so the numerator is 5.",,,h2,h1,,,,,,,,,,,,,,,,
prealg_4.1_try5,problem,Improper Fractions,,,,,,,,,https://openstax.org/books/prealgebra-2e/pages/4-1-visualize-fractions <OpenStax: Prealgebra 2e>,Improper Fractions,Improper Fractions,,https://creativecommons.org/licenses/by/4.0/ <CC BY 4.0>,,,,,,,,
prealg_4.1_try5,step,Try It 4.5,Name the improper fraction modeled. Then write the improper fraction as a mixed number.,7/4,algebra,,,,https://github.com/alleyla/WazaTutor-Content/blob/main/assets/prealg_4.1_try5.png?raw=true,,,,,,,,,,,,,,
prealg_4.1_try5,scaffold,Improper Fraction,Write the improper fraction.,7/4,algebra,s1,,,,,,,,,,,,,,,,,
prealg_4.1_try5,scaffold,Mixed Number,Write the mixed number.,1 3/4,algebra,s2,s1,,,,,,,,,,,,,,,,
prealg_4.1_try5,hint,Denominator,Each circle is divided into 4 pieces.,,,h1,,,,,,,,,,,,,,,,,
prealg_4.1_try5,hint,Numerator,There are 7 shaded pieces in total.,,,h2,h1,,,,,,,,,,,,,,,,
prealg_4.1_try6,problem,Improper Fractions,,,,,,,,,https://openstax.org/books/prealgebra-2e/pages/4-1-visualize-fractions <OpenStax: Prealgebra 2e>,Improper Fractions,Improper Fractions,,https://creativecommons.org/licenses/by/4.0/ <CC BY 4.0>,,,,,,,,
prealg_4.1_try6,step,Try It 4.6,Name the improper fraction modeled. Then write the improper fraction as a mixed number.,5/2,algebra,,,,https://github.com/alleyla/WazaTutor-Content/blob/main/assets/prealg_4.1_try6.png?raw=true,,,,,,,,,,,,,,
prealg_4.1_try6,scaffold,Improper Fraction,Write the improper fraction.,5/2,algebra,s1,,,,,,,,,,,,,,,,,
prealg_4.1_try6,scaffold,Mixed Number,Write the mixed number.,2 1/2,algebra,s2,s1,,,,,,,,,,,,,,,,
prealg_4.1_try6,hint,Denominator,"Each circle is cut into halves (2 pieces).",,,h1,,,,,,,,,,,,,,,,,
prealg_4.1_try6,hint,Numerator,There are 5 halves shaded in total.,,,h2,h1,,,,,,,,,,,,,,,,
prealg_4.1_ex4a,problem,Improper Fractions,,,,,,,,,https://openstax.org/books/prealgebra-2e/pages/4-1-visualize-fractions <OpenStax: Prealgebra 2e>,Improper Fractions,Improper Fractions,,https://creativecommons.org/licenses/by/4.0/ <CC BY 4.0>,,,,,,,,
prealg_4.1_ex4a,step,Example 4.4a,"Use fraction circles to make wholes with 3 halves. How many wholes and how many halves are left over? (e.g., '1 whole and 1 half')",1 whole and 1 half,string,,,,,,,,,,,,,,,,,,
prealg_4.1_ex4a,hint,Model,"A whole is 2 halves (2/2).",,,h1,,,,,,,,,,,,,,,,,
prealg_4.1_ex4a,hint,Calculate,"3 halves is 2/2 + 1/2. This is 1 whole and 1/2 left over.",,,h2,h1,,,,,,,,,,,,,,,,
prealg_4.1_ex4b,problem,Improper Fractions,,,,,,,,,https://openstax.org/books/prealgebra-2e/pages/4-1-visualize-fractions <OpenStax: Prealgebra 2e>,Improper Fractions,Improper Fractions,,https://creativecommons.org/licenses/by/4.0/ <CC BY 4.0>,,,,,,,,
prealg_4.1_ex4b,step,Example 4.4b,"Use fraction circles to make wholes with 8 fifths. How many wholes and how many fifths are left over? (e.g., '1 whole and 3 fifths')",1 whole and 3 fifths,string,,,,,,,,,,,,,,,,,,
prealg_4.1_ex4b,hint,Model,"A whole is 5 fifths (5/5).",,,h1,,,,,,,,,,,,,,,,,
prealg_4.1_ex4b,hint,Calculate,"8 fifths is 5/5 + 3/5. This is 1 whole and 3/5 left over.",,,h2,h1,,,,,,,,,,,,,,,,
prealg_4.1_ex4c,problem,Improper Fractions,,,,,,,,,https://openstax.org/books/prealgebra-2e/pages/4-1-visualize-fractions <OpenStax: Prealgebra 2e>,Improper Fractions,Improper Fractions,,https://creativecommons.org/licenses/by/4.0/ <CC BY 4.0>,,,,,,,,
prealg_4.1_ex4c,step,Example 4.4c,"Use fraction circles to make wholes with 7 thirds. How many wholes and how many thirds are left over? (e.g., '2 wholes and 1 third')",2 wholes and 1 third,string,,,,,,,,,,,,,,,,,,
prealg_4.1_ex4c,hint,Model,"A whole is 3 thirds (3/3). How many groups of 3 are in 7?",,,h1,,,,,,,,,,,,,,,,,
prealg_4.1_ex4c,hint,Calculate,"7 thirds is 3/3 + 3/3 + 1/3. This is 2 wholes and 1/3 left over.",,,h2,h1,,,,,,,,,,,,,,,,
prealg_4.1_ex5,problem,Improper Fractions,,,,,,,,,https://openstax.org/books/prealgebra-2e/pages/4-1-visualize-fractions <OpenStax: Prealgebra 2e>,Improper Fractions,Improper Fractions,,https://creativecommons.org/licenses/by/4.0/ <CC BY 4.0>,,,,,,,,
prealg_4.1_ex5,step,Example 4.5,Name the improper fraction modeled. Then write the improper fraction as a mixed number.,4/3,algebra,,,,https://github.com/alleyla/WazaTutor-Content/blob/main/assets/prealg_4.1_ex5.png?raw=true,,,,,,,,,,,,,,
prealg_4.1_ex5,scaffold,Improper Fraction,"Each circle is divided into three pieces. How many pieces are shaded in total?",4/3,algebra,s1,,,,,,,,,,,,,,,,,
prealg_4.1_ex5,scaffold,Mixed Number,"How many whole circles are shaded, and what fraction is left over?",1 1/3,algebra,s2,s1,,,,,,,,,,,,,,,,
prealg_4.1_try7,problem,Improper Fractions,,,,,,,,,https://openstax.org/books/prealgebra-2e/pages/4-1-visualize-fractions <OpenStax: Prealgebra 2e>,Improper Fractions,Improper Fractions,,https://creativecommons.org/licenses/by/4.0/ <CC BY 4.0>,,,,,,,,
prealg_4.1_try7,step,Try It 4.7,"Use fraction circles to make wholes with 5 thirds. How many wholes and how many thirds are left over?",1 whole and 2 thirds,string,,,,,,,,,,,,,,,,,,
prealg_4.1_try8,problem,Improper Fractions,,,,,,,,,https://openstax.org/books/prealgebra-2e/pages/4-1-visualize-fractions <OpenStax: Prealgebra 2e>,Improper Fractions,Improper Fractions,,https://creativecommons.org/licenses/by/4.0/ <CC BY 4.0>,,,,,,,,
prealg_4.1_try8,step,Try It 4.8,"Use fraction circles to make wholes with 5 halves. How many wholes and how many halves are left over?",2 wholes and 1 half,string,,,,,,,,,,,,,,,,,,
prealg_4.1_ex5,problem,Improper Fractions,,,,,,,,,https://openstax.org/books/prealgebra-2e/pages/4-1-visualize-fractions <OpenStax: Prealgebra 2e>,Improper Fractions,Improper Fractions,,https://creativecommons.org/licenses/by/4.0/ <CC BY 4.0>,,,,,,,,
prealg_4.1_ex5,step,Example 4.5,Name the improper fraction modeled. Then write the improper fraction as a mixed number.,4/3,algebra,,,,https://github.com/alleyla/WazaTutor-Content/blob/main/assets/prealg_4.1_ex5.png?raw=true,,,,,,,,,,,,,,
prealg_4.1_ex5,scaffold,Improper Fraction,"Each circle is divided into three pieces. How many pieces are shaded in total?",4/3,algebra,s1,,,,,,,,,,,,,,,,,
prealg_4.1_ex5,scaffold,Mixed Number,"How many whole circles are shaded, and what fraction is left over?",1 1/3,algebra,s2,s1,,,,,,,,,,,,,,,,
prealg_4.1_try9,problem,Improper Fractions,,,,,,,,,https://openstax.org/books/prealgebra-2e/pages/4-1-visualize-fractions <OpenStax: Prealgebra 2e>,Improper Fractions,Improper Fractions,,https://creativecommons.org/licenses/by/4.0/ <CC BY 4.0>,,,,,,,,
prealg_4.1_try9,step,Try It 4.9,Name the improper fraction modeled. Then write it as a mixed number.,3/2,algebra,,,,,,,,,,,,,,,,,,
prealg_4.1_try9,scaffold,Improper Fraction,Write the improper fraction.,3/2,algebra,s1,,,,,,,,,,,,,,,,,
prealg_4.1_try9,scaffold,Mixed Number,Write the mixed number.,1 1/2,algebra,s2,s1,,,,,,,,,,,,,,,,
prealg_4.1_try10,problem,Improper Fractions,,,,,,,,,https://openstax.org/books/prealgebra-2e/pages/4-1-visualize-fractions <OpenStax: Prealgebra 2e>,Improper Fractions,Improper Fractions,,https://creativecommons.org/licenses/by/4.0/ <CC BY 4.0>,,,,,,,,
prealg_4.1_try10,step,Try It 4.10,Name the improper fraction modeled. Then write it as a mixed number.,7/5,algebra,,,,,,,,,,,,,,,,,,
prealg_4.1_try10,scaffold,Improper Fraction,Write the improper fraction.,7/5,algebra,s1,,,,,,,,,,,,,,,,,
prealg_4.1_try10,scaffold,Mixed Number,Write the mixed number.,1 2/5,algebra,s2,s1,,,,,,,,,,,,,,,,
prealg_4.1_ex6,problem,Equivalent Fractions,,,,,,,,,https://openstax.org/books/prealgebra-2e/pages/4-1-visualize-fractions <OpenStax: Prealgebra 2e>,Equivalent Fractions,Equivalent Fractions,,https://creativecommons.org/licenses/by/4.0/ <CC BY 4.0>,,,,,,,,
prealg_4.1_ex6,step,Example 4.6,"Use the model to find an equivalent fraction: $$\frac{1}{2}$$ = .",2/4,algebra,,,,https://github.com/alleyla/WazaTutor-Content/blob/main/assets/prealg_4.1_ex6.png?raw=true,,,,,,,,,,,,,,
prealg_4.1_ex6,hint,Compare,"Look at the second circle. It has the same amount shaded as the first circle (1/2).",,,h1,,,,,,,,,,,,,,,,,
prealg_4.1_ex6,hint,Count parts,"The second circle is divided into 4 parts. How many are shaded?",,,h2,h1,,,,,,,,,,,,,,,,
prealg_4.1_try11,problem,Equivalent Fractions,,,,,,,,,https://openstax.org/books/prealgebra-2e/pages/4-1-visualize-fractions <OpenStax: Prealgebra 2e>,Equivalent Fractions,Equivalent Fractions,,https://creativecommons.org/licenses/by/4.0/ <CC BY 4.0>,,,,,,,,
prealg_4.1_try11,step,Try It 4.11,"Use the model to find an equivalent fraction: $$\frac{1}{2}$$ = .",3/6,algebra,,,,https://github.com/alleyla/WazaTutor-Content/blob/main/assets/prealg_4.1_try11.png?raw=true,,,,,,,,,,,,,,
prealg_4.1_try11,hint,Count parts,"The second circle is divided into 6 parts. How many are shaded?",,,h1,,,,,,,,,,,,,,,,,
prealg_4.1_try12,problem,Equivalent Fractions,,,,,,,,,https://openstax.org/books/prealgebra-2e/pages/4-1-visualize-fractions <OpenStax: Prealgebra 2e>,Equivalent Fractions,Equivalent Fractions,,https://creativecommons.org/licenses/by/4.0/ <CC BY 4.0>,,,,,,,,
prealg_4.1_try12,step,Try It 4.12,"Use the model to find an equivalent fraction: $$\frac{2}{3}$$ = .",4/6,algebra,,,,https://github.com/alleyla/WazaTutor-Content/blob/main/assets/prealg_4.1_try12.png?raw=true,,,,,,,,,,,,,,
prealg_4.1_try12,hint,Count parts,"The second circle is divided into 6 parts. How many are shaded?",,,h1,,,,,,,,,,,,,,,,,
prealg_4.1_ex7,problem,Convert Improper to Mixed,,,,,,,,,https://openstax.org/books/prealgebra-2e/pages/4-1-visualize-fractions <OpenStax: Prealgebra 2e>,Convert Improper to Mixed,Convert Improper to Mixed,,https://creativecommons.org/licenses/by/4.0/ <CC BY 4.0>,,,,,,,,
prealg_4.1_ex7,step,Example 4.7,"Use a model to rewrite the improper fraction $$\frac{11}{6}$$ as a mixed number.",1 5/6,algebra,,,,,,,,,,,,,,,,,,
prealg_4.1_ex7,hint,Model the Whole,"A whole is made of six sixths ($$\frac{6}{6}$$). How many whole groups of 6 sixths can you make from 11 sixths?",,,h1,,,,,,,,,,,,,,,,,
prealg_4.1_ex7,hint,Find the Remainder,"$$\frac{11}{6} = \frac{6}{6} + \frac{?}{6}$$ What is the remaining fraction?",,,h2,h1,,,,,,,,,,,,,,,,
prealg_4.1_try13,problem,Convert Improper to Mixed,,,,,,,,,https://openstax.org/books/prealgebra-2e/pages/4-1-visualize-fractions <OpenStax: Prealgebra 2e>,Convert Improper to Mixed,Convert Improper to Mixed,,https://creativecommons.org/licenses/by/4.0/ <CC BY 4.0>,,,,,,,,
prealg_4.1_try13,step,Try It 4.13,"Use a model to rewrite the improper fraction as a mixed number: $$\frac{9}{7}$$",1 2/7,algebra,,,,,,,,,,,,,,,,,,
prealg_4.1_try13,hint,Model,"A whole is 7/7. How many 7/7s are in 9/7?",,,h1,,,,,,,,,,,,,,,,,
prealg_4.1_try13,hint,Calculate,"$$9/7 = 7/7 + 2/7 = 1 + 2/7$$",,,h2,h1,,,,,,,,,,,,,,,,
prealg_4.1_try14,problem,Convert Improper to Mixed,,,,,,,,,https://openstax.org/books/prealgebra-2e/pages/4-1-visualize-fractions <OpenStax: Prealgebra 2e>,Convert Improper to Mixed,Convert Improper to Mixed,,https://creativecommons.org/licenses/by/4.0/ <CC BY 4.0>,,,,,,,,
prealg_4.1_try14,step,Try It 4.14,"Use a model to rewrite the improper fraction as a mixed number: $$\frac{7}{5}$$",1 2/5,algebra,,,,,,,,,,,,,,,,,,
prealg_4.1_try14,hint,Model,"A whole is 5/5. How many 5/5s are in 7/5?",,,h1,,,,,,,,,,,,,,,,,
prealg_4.1_try14,hint,Calculate,"$$7/5 = 5/5 + 2/5 = 1 + 2/5$$",,,h2,h1,,,,,,,,,,,,,,,,
prealg_4.1_ex8,problem,Convert Mixed to Improper,,,,,,,,,https://openstax.org/books/prealgebra-2e/pages/4-1-visualize-fractions <OpenStax: Prealgebra 2e>,Convert Mixed to Improper,Convert Mixed to Improper,,https://creativecommons.org/licenses/by/4.0/ <CC BY 4.0>,,,,,,,,
prealg_4.1_ex8,step,Example 4.8,"Use a model to rewrite the mixed number $$1\frac{4}{5}$$ as an improper fraction.",9/5,algebra,,,,,,,,,,,,,,,,,,
prealg_4.1_ex8,hint,Model the Whole,"The mixed number means 1 whole and 4 fifths. How many fifths are in 1 whole?",,,h1,,,,,,,,,,,,,,,,,
prealg_4.1_ex8,hint,Add the Parts,"$$1\frac{4}{5} = 1 + \frac{4}{5} = \frac{5}{5} + \frac{4}{5}$$ Now add the numerators.",,,h2,h1,,,,,,,,,,,,,,,,
prealg_4.1_try15,problem,Convert Mixed to Improper,,,,,,,,,https://openstax.org/books/prealgebra-2e/pages/4-1-visualize-fractions <OpenStax: Prealgebra 2e>,Convert Mixed to Improper,Convert Mixed to Improper,,https://creativecommons.org/licenses/by/4.0/ <CC BY 4.0>,,,,,,,,
prealg_4.1_try15,step,Try It 4.15,"Use a model to rewrite the mixed number as an improper fraction: $$1\frac{3}{8}$$",11/8,algebra,,,,,,,,,,,,,,,,,,
prealg_4.1_try15,hint,Model,"The whole number 1 is 8/8. Add the fractional part.",,,h1,,,,,,,,,,,,,,,,,
prealg_4.1_try15,hint,Calculate,"$$1 + \frac{3}{8} = \frac{8}{8} + \frac{3}{8}$$",,,h2,h1,,,,,,,,,,,,,,,,
prealg_4.1_try16,problem,Convert Mixed to Improper,,,,,,,,,https://openstax.org/books/prealgebra-2e/pages/4-1-visualize-fractions <OpenStax: Prealgebra 2e>,Convert Mixed to Improper,Convert Mixed to Improper,,https://creativecommons.org/licenses/by/4.0/ <CC BY 4.0>,,,,,,,,
prealg_4.1_try16,step,Try It 4.16,"Use a model to rewrite the mixed number as an improper fraction: $$1\frac{5}{6}$$",11/6,algebra,,,,,,,,,,,,,,,,,,
prealg_4.1_try16,hint,Model,"The whole number 1 is 6/6. Add the fractional part.",,,h1,,,,,,,,,,,,,,,,,
prealg_4.1_try16,hint,Calculate,"$$1 + \frac{5}{6} = \frac{6}{6} + \frac{5}{6}$$",,,h2,h1,,,,,,,,,,,,,,,,
prealg_4.1_ex9,problem,Convert Improper to Mixed,,,,,,,,,https://openstax.org/books/prealgebra-2e/pages/4-1-visualize-fractions <OpenStax: Prealgebra 2e>,Convert Improper to Mixed,Convert Improper to Mixed,,https://creativecommons.org/licenses/by/4.0/ <CC BY 4.0>,,,,,,,,
prealg_4.1_ex9,step,Example 4.9,"Convert $$\frac{11}{6}$$ to a mixed number.",1 5/6,algebra,,,,,,,,,,,,,,,,,,
prealg_4.1_ex9,hint,How to,"To convert an improper fraction to a mixed number, divide the denominator into the numerator.",,,h1,,,,,,,,,,,,,,,,,
prealg_4.1_ex9,scaffold,Divide,"What is 11 divided by 6? Write the answer as 'Quotient R Remainder' (e.g., '1 R 5').",1 R 5,string,s1,h1,,,,,,,,,,,,,,,
prealg_4.1_ex9,hint,Write as mixed number,"The quotient is the whole number, the remainder is the new numerator, and the divisor is the denominator.",,,h2,s1,,,,,,,,,,,,,,,,
prealg_4.1_try17,problem,Convert Improper to Mixed,,,,,,,,,https://openstax.org/books/prealgebra-2e/pages/4-1-visualize-fractions <OpenStax: Prealgebra 2e>,Convert Improper to Mixed,Convert Improper to Mixed,,https://creativecommons.org/licenses/by/4.0/ <CC BY 4.0>,,,,,,,,
prealg_4.1_try17,step,Try It 4.17,"Convert the improper fraction to a mixed number: $$\frac{13}{7}$$",1 6/7,algebra,,,,,,,,,,,,,,,,,,
prealg_4.1_try17,hint,Divide,Divide 13 by 7.,,,h1,,,,,,,,,,,,,,,,,
prealg_4.1_try17,scaffold,Quotient & Remainder,"What is the quotient and remainder? (Write as 'Q R R', e.g., '1 R 6').",1 R 6,string,s1,h1,,,,,,,,,,,,,,,
prealg_4.1_try17,hint,Write as mixed number,"Write the mixed number as 'Quotient remainder/divisor'.",,,h2,s1,,,,,,,,,,,,,,,,
prealg_4.1_try18,problem,Convert Improper to Mixed,,,,,,,,,https://openstax.org/books/prealgebra-2e/pages/4-1-visualize-fractions <OpenStax: Prealgebra 2e>,Convert Improper to Mixed,Convert Improper to Mixed,,https://creativecommons.org/licenses/by/4.0/ <CC BY 4.0>,,,,,,,,
prealg_4.1_try18,step,Try It 4.18,"Convert the improper fraction to a mixed number: $$\frac{14}{9}$$",1 5/9,algebra,,,,,,,,,,,,,,,,,,
prealg_4.1_try18,hint,Divide,Divide 14 by 9.,,,h1,,,,,,,,,,,,,,,,,
prealg_4.1_ex10,problem,Convert Improper to Mixed,,,,,,,,,https://openstax.org/books/prealgebra-2e/pages/4-1-visualize-fractions <OpenStax: Prealgebra 2e>,Convert Improper to Mixed,Convert Improper to Mixed,,https://creativecommons.org/licenses/by/4.0/ <CC BY 4.0>,,,,,,,,
prealg_4.1_ex10,step,Example 4.10,"Convert the improper fraction $$\frac{33}{8}$$ to a mixed number.",4 1/8,algebra,,,,,,,,,,,,,,,,,,
prealg_4.1_ex10,hint,Divide,Divide the denominator (8) into the numerator (33).,,,h1,,,,,,,,,,,,,,,,,
prealg_4.1_ex10,scaffold,Quotient & Remainder,"What is 33 divided by 8? Write the answer as 'Quotient R Remainder' (e.g., '4 R 1').",4 R 1,string,s1,h1,,,,,,,,,,,,,,,
prealg_4.1_ex10,hint,Write as mixed number,"The quotient is the whole number, the remainder is the new numerator, and the divisor is the denominator.",,,h2,s1,,,,,,,,,,,,,,,,
prealg_4.1_try19,problem,Convert Improper to Mixed,,,,,,,,,https://openstax.org/books/prealgebra-2e/pages/4-1-visualize-fractions <OpenStax: Prealgebra 2e>,Convert Improper to Mixed,Convert Improper to Mixed,,https://creativecommons.org/licenses/by/4.0/ <CC BY 4.0>,,,,,,,,
prealg_4.1_try19,step,Try It 4.19,"Convert the improper fraction to a mixed number: $$\frac{23}{7}$$",3 2/7,algebra,,,,,,,,,,,,,,,,,,
prealg_4.1_try19,scaffold,Quotient & Remainder,"What is 23 divided by 7? Write the answer as 'Quotient R Remainder'.",3 R 2,string,s1,,,,,,,,,,,,,,,,,
prealg_4.1_try20,problem,Convert Improper to Mixed,,,,,,,,,https://openstax.org/books/prealgebra-2e/pages/4-1-visualize-fractions <OpenStax: Prealgebra 2e>,Convert Improper to Mixed,Convert Improper to Mixed,,https://creativecommons.org/licenses/by/4.0/ <CC BY 4.0>,,,,,,,,
prealg_4.1_try20,step,Try It 4.20,"Convert the improper fraction to a mixed number: $$\frac{48}{11}$$",4 4/11,algebra,,,,,,,,,,,,,,,,,,
prealg_4.1_try20,scaffold,Quotient & Remainder,"What is 48 divided by 11? Write the answer as 'Quotient R Remainder'.",4 R 4,string,s1,,,,,,,,,,,,,,,,,
prealg_4.1_ex11,problem,Convert Mixed to Improper,,,,,,,,,https://openstax.org/books/prealgebra-2e/pages/4-1-visualize-fractions <OpenStax: Prealgebra 2e>,Convert Mixed to Improper,Convert Mixed to Improper,,https://creativecommons.org/licenses/by/4.0/ <CC BY 4.0>,,,,,,,,
prealg_4.1_ex11,step,Example 4.11,"Convert the mixed number $$4\frac{2}{3}$$ to an improper fraction.",14/3,algebra,,,,,,,,,,,,,,,,,,
prealg_4.1_ex11,hint,Step 1,"Multiply the whole number (4) by the denominator (3).",,,h1,,,,,,,,,,,,,,,,,
prealg_4.1_ex11,scaffold,Multiply,"What is 4 * 3?",12,numeric,s1,h1,,,,,,,,,,,,,,,
prealg_4.1_ex11,hint,Step 2,"Add the numerator (2) to the product you just found (12).",,,h2,s1,,,,,,,,,,,,,,,,
prealg_4.1_ex11,scaffold,Add,"What is 12 + 2?",14,numeric,s2,h2,,,,,,,,,,,,,,,
prealg_4.1_ex11,hint,Step 3,"Write the final sum (14) over the original denominator (3).",,,h3,s2,,,,,,,,,,,,,,,,
prealg_4.1_try21,problem,Convert Mixed to Improper,,,,,,,,,https://openstax.org/books/prealgebra-2e/pages/4-1-visualize-fractions <OpenStax: Prealgebra 2e>,Convert Mixed to Improper,Convert Mixed to Improper,,https://creativecommons.org/licenses/by/4.0/ <CC BY 4.0>,,,,,,,,
prealg_4.1_try21,step,Try It 4.21,"Convert the mixed number to an improper fraction: $$3\frac{5}{7}$$",26/7,algebra,,,,,,,,,,,,,,,,,,
prealg_4.1_try21,hint,Step 1,"Multiply the whole number (3) by the denominator (7).",,,h1,,,,,,,,,,,,,,,,,
prealg_4.1_try21,hint,Step 2,"Add the numerator (5) to that product.",,,h2,h1,,,,,,,,,,,,,,,,
prealg_4.1_try21,hint,Step 3,"Write the final sum over the original denominator (7).",,,h3,h2,,,,,,,,,,,,,,,,
prealg_4.1_try22,problem,Convert Mixed to Improper,,,,,,,,,https://openstax.org/books/prealgebra-2e/pages/4-1-visualize-fractions <OpenStax: Prealgebra 2e>,Convert Mixed to Improper,Convert Mixed to Improper,,https://creativecommons.org/licenses/by/4.0/ <CC BY 4.0>,,,,,,,,
prealg_4.1_try22,step,Try It 4.22,"Convert the mixed number to an improper fraction: $$2\frac{7}{8}$$",23/8,algebra,,,,,,,,,,,,,,,,,,
prealg_4.1_try22,scaffold,Step 1,"What is the whole number (2) multiplied by the denominator (8)?",16,numeric,s1,,,,,,,,,,,,,,,,,
prealg_4.1_try22,scaffold,Step 2,"What is that product (16) plus the numerator (7)?",23,numeric,s2,s1,,,,,,,,,,,,,,,,
prealg_4.1_try22,hint,Step 3,"Write the final sum (23) over the original denominator (8).",,,h1,s2,,,,,,,,,,,,,,,,
prealg_4.1_ex12,problem,Convert Mixed to Improper,,,,,,,,,https://openstax.org/books/prealgebra-2e/pages/4-1-visualize-fractions <OpenStax: Prealgebra 2e>,Convert Mixed to Improper,Convert Mixed to Improper,,https://creativecommons.org/licenses/by/4.0/ <CC BY 4.0>,,,,,,,,
prealg_4.1_ex12,step,Example 4.12,"Convert the mixed number $$10\frac{2}{7}$$ to an improper fraction.",72/7,algebra,,,,,,,,,,,,,,,,,,
prealg_4.1_ex12,scaffold,Step 1,"What is 10 * 7?",70,numeric,s1,,,,,,,,,,,,,,,,,
prealg_4.1_ex12,scaffold,Step 2,"What is 70 + 2?",72,numeric,s2,s1,,,,,,,,,,,,,,,,
prealg_4.1_ex12,hint,Step 3,"Write the final sum (72) over the original denominator (7).",,,h1,s2,,,,,,,,,,,,,,,,
prealg_4.1_try23,problem,Convert Mixed to Improper,,,,,,,,,https://openstax.org/books/prealgebra-2e/pages/4-1-visualize-fractions <OpenStax: Prealgebra 2e>,Convert Mixed to Improper,Convert Mixed to Improper,,https://creativecommons.org/licenses/by/4.0/ <CC BY 4.0>,,,,,,,,
prealg_4.1_try23,step,Try It 4.23,"Convert the mixed number to an improper fraction: $$4\frac{6}{11}$$",50/11,algebra,,,,,,,,,,,,,,,,,,
prealg_4.1_try23,scaffold,Step 1,"Multiply whole number (4) by denominator (11).",44,numeric,s1,,,,,,,,,,,,,,,,,
prealg_4.1_try23,scaffold,Step 2,"Add the product (44) to the numerator (6).",50,numeric,s2,s1,,,,,,,,,,,,,,,,
prealg_4.1_try23,hint,Step 3,"Write this sum over the original denominator (11).",,,h1,s2,,,,,,,,,,,,,,,,
prealg_4.1_try24,problem,Convert Mixed to Improper,,,,,,,,,https://openstax.org/books/prealgebra-2e/pages/4-1-visualize-fractions <OpenStax: Prealgebra 2e>,Convert Mixed to Improper,Convert Mixed to Improper,,https://creativecommons.org/licenses/by/4.0/ <CC BY 4.0>,,,,,,,,
prealg_4.1_try24,step,Try It 4.24,"Convert the mixed number to an improper fraction: $$11\frac{1}{3}$$",34/3,algebra,,,,,,,,,,,,,,,,,,
prealg_4.1_try24,scaffold,Step 1,"What is 11 * 3?",33,numeric,s1,,,,,,,,,,,,,,,,,
prealg_4.1_try24,scaffold,Step 2,"What is 33 + 1?",34,numeric,s2,s1,,,,,,,,,,,,,,,,
prealg_4.1_try24,hint,Step 3,"Write 34 over the original denominator 3.",,,h1,s2,,,,,,,,,,,,,,,,
prealg_4.1_ex13a,problem,Equivalent Fractions,,,,,,,,,https://openstax.org/books/prealgebra-2e/pages/4-1-visualize-fractions <OpenStax: Prealgebra 2e>,Equivalent Fractions,Equivalent Fractions,,https://creativecommons.org/licenses/by/4.0/ <CC BY 4.0>,,,,,,,,
prealg_4.1_ex13a,step,Example 4.13a,How many eighths equal one-half?,4,numeric,,,,,,,,,,,,,,,,,,
prealg_4.1_ex13a,hint,Model,"Look at the fraction tile model. How many 1/8 tiles does it take to match the 1/2 tile?",,,h1,,,,,,,,,,,,,,,,,
prealg_4.1_ex13a,hint,Algebra,"You are finding an equivalent fraction: $$\frac{1}{2} = \frac{?}{8}$$. Multiply the numerator (1) by the same number you multiply the denominator (2) by to get 8.",,,h2,h1,,,,,,,,,,,,,,,,
prealg_4.1_ex13b,problem,Equivalent Fractions,,,,,,,,,https://openstax.org/books/prealgebra-2e/pages/4-1-visualize-fractions <OpenStax: Prealgebra 2e>,Equivalent Fractions,Equivalent Fractions,,https://creativecommons.org/licenses/by/4.0/ <CC BY 4.0>,,,,,,,,
prealg_4.1_ex13b,step,Example 4.13b,How many tenths equal one-half?,5,numeric,,,,,,,,,,,,,,,,,,
prealg_4.1_ex13b,hint,Algebra,"You are finding an equivalent fraction: $$\frac{1}{2} = \frac{?}{10}$$. Multiply the numerator (1) by 5, since 2 * 5 = 10.",,,h1,,,,,,,,,,,,,,,,,
prealg_4.1_ex13c,problem,Equivalent Fractions,,,,,,,,,https://openstax.org/books/prealgebra-2e/pages/4-1-visualize-fractions <OpenStax: Prealgebra 2e>,Equivalent Fractions,Equivalent Fractions,,https://creativecommons.org/licenses/by/4.0/ <CC BY 4.0>,,,,,,,,
prealg_4.1_ex13c,step,Example 4.13c,How many twelfths equal one-half?,6,numeric,,,,,,,,,,,,,,,,,,
prealg_4.1_ex13c,hint,Algebra,"You are finding an equivalent fraction: $$\frac{1}{2} = \frac{?}{12}$$. Multiply the numerator (1) by 6, since 2 * 6 = 12.",,,h1,,,,,,,,,,,,,,,,,
prealg_4.1_try25,problem,Equivalent Fractions,,,,,,,,,https://openstax.org/books/prealgebra-2e/pages/4-1-visualize-fractions <OpenStax: Prealgebra 2e>,Equivalent Fractions,Equivalent Fractions,,https://creativecommons.org/licenses/by/4.0/ <CC BY 4.0>,,,,,,,,
prealg_4.1_try25,step,Try It 4.25,How many eighths equal one-fourth?,2,numeric,,,,,,,,,,,,,,,,,,
prealg_4.1_try25,hint,Algebra,"Find the equivalent fraction: $$\frac{1}{4} = \frac{?}{8}$$",,,h1,,,,,,,,,,,,,,,,,
prealg_4.1_try26,problem,Equivalent Fractions,,,,,,,,,https://openstax.org/books/prealgebra-2e/pages/4-1-visualize-fractions <OpenStax: Prealgebra 2e>,Equivalent Fractions,Equivalent Fractions,,https://creativecommons.org/licenses/by/4.0/ <CC BY 4.0>,,,,,,,,
prealg_4.1_try26,step,Try It 4.26,How many twelfths equal one-fourth?,3,numeric,,,,,,,,,,,,,,,,,,
prealg_4.1_try26,hint,Algebra,"Find the equivalent fraction: $$\frac{1}{4} = \frac{?}{12}$$",,,h1,,,,,,,,,,,,,,,,,
prealg_4.1_ex14,problem,Find Equivalent Fractions,,,,,,,,,https://openstax.org/books/prealgebra-2e/pages/4-1-visualize-fractions <OpenStax: Prealgebra 2e>,Equivalent Fractions,Equivalent Fractions,,https://creativecommons.org/licenses/by/4.0/ <CC BY 4.0>,,,,,,,,
prealg_4.1_ex14,step,Example 4.14,"Find three fractions equivalent to $$\frac{2}{5}$$.","4/10, 6/15, 10/25",string,,,,,,,,,,,,,,,,,,
prealg_4.1_ex14,hint,How-to,"To find an equivalent fraction, multiply the numerator and the denominator by the same number (but not zero).",,,h1,,,,,,,,,,,,,,,,,
prealg_4.1_ex14,scaffold,Multiply by 2,"What is $$\frac{2 \cdot 2}{5 \cdot 2}$$?",4/10,algebra,s1,h1,,,,,,,,,,,,,,,
prealg_4.1_ex14,scaffold,Multiply by 3,"What is $$\frac{2 \cdot 3}{5 \cdot 3}$$?",6/15,algebra,s2,s1,,,,,,,,,,,,,,,
prealg_4.1_ex14,scaffold,Multiply by 5,"What is $$\frac{2 \cdot 5}{5 \cdot 5}$$?",10/25,algebra,s3,s2,,,,,,,,,,,,,,,
prealg_4.1_try27,problem,Find Equivalent Fractions,,,,,,,,,https://openstax.org/books/prealgebra-2e/pages/4-1-visualize-fractions <OpenStax: Prealgebra 2e>,Equivalent Fractions,Equivalent Fractions,,https://creativecommons.org/licenses/by/4.0/ <CC BY 4.0>,,,,,,,,
prealg_4.1_try27,step,Try It 4.27,"Find one fraction equivalent to $$\frac{3}{5}$$.",6/10,algebra,,,,,,,,,,,,,,,,,,
prealg_4.1_try27,hint,How-to,"Multiply the numerator (3) and the denominator (5) by the same whole number (like 2, 3, or 4).",,,h1,,,,,,,,,,,,,,,,,
prealg_4.1_try28,problem,Find Equivalent Fractions,,,,,,,,,https://openstax.org/books/prealgebra-2e/pages/4-1-visualize-fractions <OpenStax: Prealgebra 2e>,Equivalent Fractions,Equivalent Fractions,,https://creativecommons.org/licenses/by/4.0/ <CC BY 4.0>,,,,,,,,
prealg_4.1_try28,step,Try It 4.28,"Find one fraction equivalent to $$\frac{4}{5}$$.",8/10,algebra,,,,,,,,,,,,,,,,,,
prealg_4.1_try28,hint,How-to,"Multiply the numerator (4) and the denominator (5) by the same whole number (like 2, 3, or 4).",,,h1,,,,,,,,,,,,,,,,,
prealg_4.1_ex15,problem,Find Equivalent Fractions,,,,,,,,,https://openstax.org/books/prealgebra-2e/pages/4-1-visualize-fractions <OpenStax: Prealgebra 2e>,Equivalent Fractions,Equivalent Fractions,,https://creativecommons.org/licenses/by/4.0/ <CC BY 4.0>,,,,,,,,
prealg_4.1_ex15,step,Example 4.15,"Find a fraction with a denominator of 21 that is equivalent to $$\frac{2}{7}$$.",6/21,algebra,,,,,,,,,,,,,,,,,,
prealg_4.1_ex15,hint,Find the multiplier,"To get a denominator of 21, what number must you multiply 7 by?",,,h1,,,,,,,,,,,,,,,,,
prealg_4.1_ex15,scaffold,Find multiplier,"What is 21 divided by 7?",3,numeric,s1,h1,,,,,,,,,,,,,,,
prealg_4.1_ex15,hint,Multiply,"Multiply both the numerator (2) and the denominator (7) by 3.",,,h2,s1,,,,,,,,,,,,,,,,
prealg_4.1_try29,problem,Find Equivalent Fractions,,,,,,,,,https://openstax.org/books/prealgebra-2e/pages/4-1-visualize-fractions <OpenStax: Prealgebra 2e>,Equivalent Fractions,Equivalent Fractions,,https://creativecommons.org/licenses/by/4.0/ <CC BY 4.0>,,,,,,,,
prealg_4.1_try29,step,Try It 4.29,"Find a fraction with a denominator of 21 that is equivalent to $$\frac{6}{7}$$.",18/21,algebra,,,,,,,,,,,,,,,,,,
prealg_4.1_try29,hint,Find the multiplier,"To get a denominator of 21, what number must you multiply 7 by? (21 รท 7 = ?)",,,h1,,,,,,,,,,,,,,,,,
prealg_4.1_try29,hint,Multiply,"Multiply both the numerator (6) and the denominator (7) by that number.",,,h2,h1,,,,,,,,,,,,,,,,
prealg_4.1_try30,problem,Find Equivalent Fractions,,,,,,,,,https://openstax.org/books/prealgebra-2e/pages/4-1-visualize-fractions <OpenStax: Prealgebra 2e>,Equivalent Fractions,Equivalent Fractions,,https://creativecommons.org/licenses/by/4.0/ <CC BY 4.0>,,,,,,,,
prealg_4.1_try30,step,Try It 4.30,"Find a fraction with a denominator of 100 that is equivalent to $$\frac{3}{10}$$.",30/100,algebra,,,,,,,,,,,,,,,,,,
prealg_4.1_try30,hint,Find the multiplier,"To get a denominator of 100, what number must you multiply 10 by? (100 รท 10 = ?)",,,h1,,,,,,,,,,,,,,,,,
prealg_4.1_try30,hint,Multiply,"Multiply both the numerator (3) and the denominator (10) by that number.",,,h2,h1,,,,,,,,,,,,,,,,
prealg_4.1_ex18a,problem,Order Fractions,,,,,,,,,https://openstax.org/books/prealgebra-2e/pages/4-1-visualize-fractions <OpenStax: Prealgebra 2e>,Order Fractions,Order Fractions,,https://creativecommons.org/licenses/by/4.0/ <CC BY 4.0>,,,,,,,,
prealg_4.1_ex18a,step,Example 4.18a,"Order the pair of numbers using < or >: $$-1 \_\_ -\frac{2}{3}$$",<,mc,,,"<|>",,,,,,,,,,,,,,
prealg_4.1_ex18a,hint,Number Line,"-1 is to the left of -2/3 on the number line, so -1 is less than -2/3.",,,h1,,,,,,,,,,,,,,,,,
prealg_4.1_ex18b,problem,Order Fractions,,,,,,,,,https://openstax.org/books/prealgebra-2e/pages/4-1-visualize-fractions <OpenStax: Prealgebra 2e>,Order Fractions,Order Fractions,,https://creativecommons.org/licenses/by/4.0/ <CC BY 4.0>,,,,,,,,
prealg_4.1_ex18b,step,Example 4.18b,"Order the pair of numbers using < or >: $$-3\frac{1}{2} \_\_ -3$$",<,mc,,,"<|>",,,,,,,,,,,,,,
prealg_4.1_ex18b,hint,Number Line,"-3 1/2 is to the left of -3 on the number line, so it is less than -3.",,,h1,,,,,,,,,,,,,,,,,
prealg_4.1_ex18c,problem,Order Fractions,,,,,,,,,https://openstax.org/books/prealgebra-2e/pages/4-1-visualize-fractions <OpenStax: Prealgebra 2e>,Order Fractions,Order Fractions,,https://creativecommons.org/licenses/by/4.0/ <CC BY 4.0>,,,,,,,,
prealg_4.1_ex18c,step,Example 4.18c,"Order the pair of numbers using < or >: $$-\frac{3}{7} \_\_ -\frac{3}{8}$$",<,mc,,,"<|>",,,,,,,,,,,,,,
prealg_4.1_ex18c,hint,Number Line,"When comparing negative fractions, the fraction with the larger denominator is actually closer to 0. -3/8 is to the right of -3/7, so -3/7 is less than -3/8.",,,h1,,,,,,,,,,,,,,,,,
prealg_4.1_ex18d,problem,Order Fractions,,,,,,,,,https://openstax.org/books/prealgebra-2e/pages/4-1-visualize-fractions <OpenStax: Prealgebra 2e>,Order Fractions,Order Fractions,,https://creativecommons.org/licenses/by/4.0/ <CC BY 4.0>,,,,,,,,
prealg_4.1_ex18d,step,Example 4.18d,"Order the pair of numbers using < or >: $$-2 \_\_ -\frac{16}{9}$$",<,mc,,,"<|>",,,,,,,,,,,,,,
prealg_4.1_ex18d,hint,Convert,"First, convert the improper fraction -16/9 to a mixed number.",,,h1,,,,,,,,,,,,,,,,,
prealg_4.1_ex18d,scaffold,Convert,"What is -16/9 as a mixed number?",-1 7/9,algebra,s1,h1,,,,,,,,,,,,,,,
prealg_4.1_ex18d,hint,Number Line,"-2 is to the left of -1 7/9 on the number line, so -2 is less than -1 7/9.",,,h2,s1,,,,,,,,,,,,,,,,
prealg_4.1_try35a,problem,Order Fractions,,,,,,,,,https://openstax.org/books/prealgebra-2e/pages/4-1-visualize-fractions <OpenStax: Prealgebra 2e>,Order Fractions,Order Fractions,,https://creativecommons.org/licenses/by/4.0/ <CC BY 4.0>,,,,,,,,
prealg_4.1_try35a,step,Try It 4.35a,"Order the pair of numbers using < or >: $$-\frac{1}{3} \_\_ -1$$",>,mc,,,"<|>",,,,,,,,,,,,,,
prealg_4.1_try35b,problem,Order Fractions,,,,,,,,,https://openstax.org/books/prealgebra-2e/pages/4-1-visualize-fractions <OpenStax: Prealgebra 2e>,Order Fractions,Order Fractions,,https://creativecommons.org/licenses/by/4.0/ <CC BY 4.0>,,,,,,,,
prealg_4.1_try35b,step,Try It 4.35b,"Order the pair of numbers using < or >: $$-1\frac{1}{2} \_\_ -2$$",>,mc,,,"<|>",,,,,,,,,,,,,,
prealg_4.1_try35c,problem,Order Fractions,,,,,,,,,https://openstax.org/books/prealgebra-2e/pages/4-1-visualize-fractions <OpenStax: Prealgebra 2e>,Order Fractions,Order Fractions,,https://creativecommons.org/licenses/by/4.0/ <CC BY 4.0>,,,,,,,,
prealg_4.1_try35c,step,Try It 4.35c,"Order the pair of numbers using < or >: $$-\frac{2}{3} \_\_ -1\frac{2}{3}$$",>,mc,,,"<|>",,,,,,,,,,,,,,
prealg_4.1_try36a,problem,Order Fractions,,,,,,,,,https://openstax.org/books/prealgebra-2e/pages/4-1-visualize-fractions <OpenStax: Prealgebra 2e>,Order Fractions,Order Fractions,,https://creativecommons.org/licenses/by/4.0/ <CC BY 4.0>,,,,,,,,
prealg_4.1_try36a,step,Try It 4.36a,"Order the pair of numbers using < or >: $$-\frac{1}{4} \_\_ -\frac{2}{4}$$",>,mc,,,"<|>",,,,,,,,,,,,,,
prealg_4.1_try36b,problem,Order Fractions,,,,,,,,,https://openstax.org/books/prealgebra-2e/pages/4-1-visualize-fractions <OpenStax: Prealgebra 2e>,Order Fractions,Order Fractions,,https://creativecommons.org/licenses/by/4.0/ <CC BY 4.0>,,,,,,,,
prealg_4.1_try36b,step,Try It 4.36b,"Order the pair of numbers using < or >: $$-3\frac{1}{2} \_\_ -3$$",<,mc,,,"<|>",,,,,,,,,,,,,,
prealg_4.1_try36c,problem,Order Fractions,,,,,,,,,https://openstax.org/books/prealgebra-2e/pages/4-1-visualize-fractions <OpenStax: Prealgebra 2e>,Order Fractions,Order Fractions,,https://creativecommons.org/licenses/by/4.0/ <CC BY 4.0>,,,,,,,,
prealg_4.1_try36c,step,Try It 4.36c,"Order the pair of numbers using < or >: $$-\frac{3}{4} \_\_ -1\frac{3}{4}$$",>,mc,,,"<|>",,,,,,,,,,,,,,
prealg_4.1_exerc1,problem,Visualize Fractions,,,,,,,,,https://openstax.org/books/prealgebra-2e/pages/4-1-visualize-fractions <OpenStax: Prealgebra 2e>,Visualize Fractions,Visualize Fractions,,https://creativecommons.org/licenses/by/4.0/ <CC BY 4.0>,,,,,,,,
prealg_4.1_exerc1,step,Exercise 1,Name the fraction of the shape that is shaded.,3/8,algebra,,,,https://github.com/alleyla/WazaTutor-Content/blob/main/assets/prealg_4.1_exerc1.png?raw=true,,,,,,,,,,,,,,
prealg_4.1_exerc1,hint,Count total,Count the total number of equal parts in the shape.,,,h1,,,,,,,,,,,,,,,,,
prealg_4.1_exerc1,hint,Count shaded,Count the number of parts that are shaded.,,,h2,h1,,,,,,,,,,,,,,,,
prealg_4.1_exerc2,problem,Visualize Fractions,,,,,,,,,https://openstax.org/books/prealgebra-2e/pages/4-1-visualize-fractions <OpenStax: Prealgebra 2e>,Visualize Fractions,Visualize Fractions,,https://creativecommons.org/licenses/by/4.0/ <CC BY 4.0>,,,,,,,,
prealg_4.1_exerc2,step,Exercise 2,Name the fraction of the shape that is shaded.,4/9,algebra,,,,https://github.com/alleyla/WazaTutor-Content/blob/main/assets/prealg_4.1_exerc2.png?raw=true,,,,,,,,,,,,,,
prealg_4.1_exerc2,hint,Count total,The shape is divided into 9 equal parts.,,,h1,,,,,,,,,,,,,,,,,
prealg_4.1_exerc2,hint,Count shaded,4 parts are shaded.,,,h2,h1,,,,,,,,,,,,,,,,
prealg_4.1_exerc3,problem,Visualize Fractions,,,,,,,,,https://openstax.org/books/prealgebra-2e/pages/4-1-visualize-fractions <OpenStax: Prealgebra 2e>,Visualize Fractions,Visualize Fractions,,https://creativecommons.org/licenses/by/4.0/ <CC BY 4.0>,,,,,,,,
prealg_4.1_exerc3,step,Exercise 3,Name the fraction of the shape that is shaded.,6/8,algebra,,,,https://github.com/alleyla/WazaTutor-Content/blob/main/assets/prealg_4.1_exerc3.png?raw=true,,,,,,,,,,,,,,
prealg_4.1_exerc3,hint,Count total,There are 8 total parts.,,,h1,,,,,,,,,,,,,,,,,
prealg_4.1_exerc3,hint,Count shaded,There are 6 shaded parts.,,,h2,h1,,,,,,,,,,,,,,,,
prealg_4.1_exerc4,problem,Visualize Fractions,,,,,,,,,https://openstax.org/books/prealgebra-2e/pages/4-1-visualize-fractions <OpenStax: Prealgebra 2e>,Visualize Fractions,Visualize Fractions,,https://creativecommons.org/licenses/by/4.0/ <CC BY 4.0>,,,,,,,,
prealg_4.1_exerc4,step,Exercise 4,Name the fraction of the shape that is shaded.,5/6,algebra,,,,https://github.com/alleyla/WazaTutor-Content/blob/main/assets/prealg_4.1_exerc4.png?raw=true,,,,,,,,,,,,,,
prealg_4.1_exerc4,hint,Count total,There are 6 total parts.,,,h1,,,,,,,,,,,,,,,,,
prealg_4.1_exerc4,hint,Count shaded,There are 5 shaded parts.,,,h2,h1,,,,,,,,,,,,,,,,
prealg_4.1_exerc7,problem,Visualize Fractions,,,,,,,,,https://openstax.org/books/prealgebra-2e/pages/4-1-visualize-fractions <OpenStax: Prealgebra 2e>,Visualize Fractions,Visualize Fractions,,https://creativecommons.org/licenses/by/4.0/ <CC BY 4.0>,,,,,,,,
prealg_4.1_exerc7,step,Exercise 7,"For the fraction $$\frac{3}{4}$$, how many parts of the circle should be shaded if the circle is divided into 4 equal parts?",3,numeric,,,,,,,,,,,,,,,,,,
prealg_4.1_exerc7,hint,Numerator,The numerator tells you how many parts to shade.,,,h1,,,,,,,,,,,,,,,,,
prealg_4.1_exerc8,problem,Visualize Fractions,,,,,,,,,https://openstax.org/books/prealgebra-2e/pages/4-1-visualize-fractions <OpenStax: Prealgebra 2e>,Visualize Fractions,Visualize Fractions,,https://creativecommons.org/licenses/by/4.0/ <CC BY 4.0>,,,,,,,,
prealg_4.1_exerc8,step,Exercise 8,"For the fraction $$\frac{7}{8}$$, how many parts of the rectangle should be shaded if it is divided into 8 equal parts?",7,numeric,,,,,,,,,,,,,,,,,,
prealg_4.1_exerc8,hint,Numerator,The numerator tells you how many parts to shade.,,,h1,,,,,,,,,,,,,,,,,
prealg_4.1_exerc11,problem,Improper Fractions,,,,,,,,,https://openstax.org/books/prealgebra-2e/pages/4-1-visualize-fractions <OpenStax: Prealgebra 2e>,Improper Fractions,Improper Fractions,,https://creativecommons.org/licenses/by/4.0/ <CC BY 4.0>,,,,,,,,
prealg_4.1_exerc11,step,Exercise 11,Name the improper fraction modeled. Then write the improper fraction as a mixed number.,5/4,algebra,,,,https://github.com/alleyla/WazaTutor-Content/blob/main/assets/prealg_4.1_exerc11.png?raw=true,,,,,,,,,,,,,,
prealg_4.1_exerc11,scaffold,Improper Fraction,"First, identify the improper fraction. How many pieces is each whole circle divided into? (This is your denominator). Count the total shaded pieces (This is your numerator).",5/4,algebra,s1,,,,,,,,,,,,,,,,,
prealg_4.1_exerc11,scaffold,Mixed Number,"Now, look at the whole shapes. How many full circles are shaded? What fraction of the last circle is shaded? Write this as a mixed number.",1 1/4,algebra,s2,s1,,,,,,,,,,,,,,,,
prealg_4.1_exerc11,hint,Total parts,Each circle is divided into 4 pieces.,,,h1,,,,,,,,,,,,,,,,,
prealg_4.1_exerc11,hint,Shaded parts,There are 5 shaded pieces in total.,,,h2,h1,,,,,,,,,,,,,,,,
prealg_4.1_exerc12,problem,Improper Fractions,,,,,,,,,https://openstax.org/books/prealgebra-2e/pages/4-1-visualize-fractions <OpenStax: Prealgebra 2e>,Improper Fractions,Improper Fractions,,https://creativecommons.org/licenses/by/4.0/ <CC BY 4.0>,,,,,,,,
prealg_4.1_exerc12,step,Exercise 12,Name the improper fraction modeled. Then write the improper fraction as a mixed number.,7/3,algebra,,,,https://github.com/alleyla/WazaTutor-Content/blob/main/assets/prealg_4.1_exerc12.png?raw=true,,,,,,,,,,,,,,
prealg_4.1_exerc12,scaffold,Improper Fraction,"Write the improper fraction. How many pieces is each whole circle divided into?",7/3,algebra,s1,,,,,,,,,,,,,,,,,
prealg_4.1_exerc12,scaffold,Mixed Number,Write the mixed number.,2 1/3,algebra,s2,s1,,,,,,,,,,,,,,,,
prealg_4.1_exerc12,hint,Total parts,Each circle is divided into 3 pieces.,,,h1,,,,,,,,,,,,,,,,,
prealg_4.1_exerc12,hint,Shaded parts,There are 7 shaded pieces in total.,,,h2,h1,,,,,,,,,,,,,,,,
prealg_4.1_exerc13,problem,Improper Fractions,,,,,,,,,https://openstax.org/books/prealgebra-2e/pages/4-1-visualize-fractions <OpenStax: Prealgebra 2e>,Improper Fractions,Improper Fractions,,https://creativecommons.org/licenses/by/4.0/ <CC BY 4.0>,,,,,,,,
prealg_4.1_exerc13,step,Exercise 13,"Use fraction circles to make wholes with 7 sixths. How many wholes and how many sixths are left over? (e.g., '1 whole and 1 sixth')",1 whole and 1 sixth,string,,,,,,,,,,,,,,,,,,
prealg_4.1_exerc13,hint,Model,"A whole is 6 sixths (6/6).",,,h1,,,,,,,,,,,,,,,,,
prealg_4.1_exerc14,problem,Improper Fractions,,,,,,,,,https://openstax.org/books/prealgebra-2e/pages/4-1-visualize-fractions <OpenStax: Prealgebra 2e>,Improper Fractions,Improper Fractions,,https://creativecommons.org/licenses/by/4.0/ <CC BY 4.0>,,,,,,,,
prealg_4.1_exerc14,step,Exercise 14,"Use fraction circles to make wholes with 4 thirds. How many wholes and how many thirds are left over? (e.g., '1 whole and 1 third')",1 whole and 1 third,string,,,,,,,,,,,,,,,,,,
prealg_4.1_exerc14,hint,Model,"A whole is 3 thirds (3/3).",,,h1,,,,,,,,,,,,,,,,,
prealg_4.1_exerc15,problem,Improper Fractions,,,,,,,,,https://openstax.org/books/prealgebra-2e/pages/4-1-visualize-fractions <OpenStax: Prealgebra 2e>,Improper Fractions,Improper Fractions,,https://creativecommons.org/licenses/by/4.0/ <CC BY 4.0>,,,,,,,,
prealg_4.1_exerc15,step,Exercise 15,"Use fraction circles to make wholes with 7 fifths. How many wholes and how many fifths are left over? (e.g., '1 whole and 2 fifths')",1 whole and 2 fifths,string,,,,,,,,,,,,,,,,,,
prealg_4.1_exerc15,hint,Model,"A whole is 5 fifths (5/5).",,,h1,,,,,,,,,,,,,,,,,
prealg_4.1_exerc16,problem,Improper Fractions,,,,,,,,,https://openstax.org/books/prealgebra-2e/pages/4-1-visualize-fractions <OpenStax: Prealgebra 2e>,Improper Fractions,Improper Fractions,,https://creativecommons.org/licenses/by/4.0/ <CC BY 4.0>,,,,,,,,
prealg_4.1_exerc16,step,Exercise 16,"Use fraction circles to make wholes with 7 fourths. How many wholes and how many fourths are left over? (e.g., '1 whole and 3 fourths')",1 whole and 3 fourths,string,,,,,,,,,,,,,,,,,,
prealg_4.1_exerc16,hint,Model,"A whole is 4 fourths (4/4).",,,h1,,,,,,,,,,,,,,,,,
prealg_4.1_exerc17,problem,Improper Fractions,,,,,,,,,https://openstax.org/books/prealgebra-2e/pages/4-1-visualize-fractions <OpenStax: Prealgebra 2e>,Improper Fractions,Improper Fractions,,https://creativecommons.org/licenses/by/4.0/ <CC BY 4.0>,,,,,,,,
prealg_4.1_exerc17,step,Exercise 17,Name the improper fraction modeled. Then write the improper fraction as a mixed number.,3/2,algebra,,,,https://github.com/alleyla/WazaTutor-Content/blob/main/assets/prealg_4.1_exerc17.png?raw=true,,,,,,,,,,,,,,
prealg_4.1_exerc17,scaffold,Improper Fraction,Write the improper fraction.,3/2,algebra,s1,,,,,,,,,,,,,,,,,
prealg_4.1_exerc17,scaffold,Mixed Number,Write the mixed number.,1 1/2,algebra,s2,s1,,,,,,,,,,,,,,,,
prealg_4.1_exerc18,problem,Improper Fractions,,,,,,,,,https://openstax.org/books/prealgebra-2e/pages/4-1-visualize-fractions <OpenStax: Prealgebra 2e>,Improper Fractions,Improper Fractions,,https://creativecommons.org/licenses/by/4.0/ <CC BY 4.0>,,,,,,,,
prealg_4.1_exerc18,step,Exercise 18,Name the improper fraction modeled. Then write the improper fraction as a mixed number.,7/5,algebra,,,,https://github.com/alleyla/WazaTutor-Content/blob/main/assets/prealg_4.1_exerc18.png?raw=true,,,,,,,,,,,,,,
prealg_4.1_exerc18,scaffold,Improper Fraction,Write the improper fraction.,7/5,algebra,s1,,,,,,,,,,,,,,,,,
prealg_4.1_exerc18,scaffold,Mixed Number,Write the mixed number.,1 2/5,algebra,s2,s1,,,,,,,,,,,,,,,,
prealg_4.1_exerc19,problem,Equivalent Fractions,,,,,,,,,https://openstax.org/books/prealgebra-2e/pages/4-1-visualize-fractions <OpenStax: Prealgebra 2e>,Equivalent Fractions,Equivalent Fractions,,https://creativecommons.org/licenses/by/4.0/ <CC BY 4.0>,,,,,,,,
prealg_4.1_exerc19,step,Exercise 19,"Use the model to find an equivalent fraction: $$\frac{1}{3}$$ = .",2/6,algebra,,,,https://github.com/alleyla/WazaTutor-Content/blob/main/assets/prealg_4.1_exerc19.png?raw=true,,,,,,,,,,,,,,
prealg_4.1_exerc19,hint,Count parts,"The second circle is divided into 6 parts. How many are shaded?",,,h1,,,,,,,,,,,,,,,,,
prealg_4.1_exerc20,problem,Equivalent Fractions,,,,,,,,,https://openstax.org/books/prealgebra-2e/pages/4-1-visualize-fractions <OpenStax: Prealgebra 2e>,Equivalent Fractions,Equivalent Fractions,,https://creativecommons.org/licenses/by/4.0/ <CC BY 4.0>,,,,,,,,
prealg_4.1_exerc20,step,Exercise 20,"Use the model to find an equivalent fraction: $$\frac{1}{2}$$ = .",2/4,algebra,,,,https://github.com/alleyla/WazaTutor-Content/blob/main/assets/prealg_4.1_exerc20.png?raw=true,,,,,,,,,,,,,,
prealg_4.1_exerc20,hint,Count parts,"The second circle is divided into 4 parts. How many are shaded?",,,h1,,,,,,,,,,,,,,,,,
prealg_4.1_exerc28,problem,Convert Improper to Mixed,,,,,,,,,https://openstax.org/books/prealgebra-2e/pages/4-1-visualize-fractions <OpenStax: Prealgebra 2e>,Convert Improper to Mixed,Convert Improper to Mixed,,https://creativecommons.org/licenses/by/4.0/ <CC BY 4.0>,,,,,,,,
prealg_4.1_exerc28,step,Exercise 28,"Convert the improper fraction to a mixed number: $$\frac{3}{2}$$",1 1/2,algebra,,,,,,,,,,,,,,,,,,
prealg_4.1_exerc28,hint,Divide,Divide 3 by 2.,,,h1,,,,,,,,,,,,,,,,,
prealg_4.1_exerc29,problem,Convert Improper to Mixed,,,,,,,,,https://openstax.org/books/prealgebra-2e/pages/4-1-visualize-fractions <OpenStax: Prealgebra 2e>,Convert Improper to Mixed,Convert Improper to Mixed,,https://creativecommons.org/licenses/by/4.0/ <CC BY 4.0>,,,,,,,,
prealg_4.1_exerc29,step,Exercise 29,"Convert the improper fraction to a mixed number: $$\frac{5}{3}$$",1 2/3,algebra,,,,,,,,,,,,,,,,,,
prealg_4.1_exerc29,hint,Divide,Divide 5 by 3.,,,h1,,,,,,,,,,,,,,,,,
prealg_4.1_exerc30,problem,Convert Improper to Mixed,,,,,,,,,https://openstax.org/books/prealgebra-2e/pages/4-1-visualize-fractions <OpenStax: Prealgebra 2e>,Convert Improper to Mixed,Convert Improper to Mixed,,https://creativecommons.org/licenses/by/4.0/ <CC BY 4.0>,,,,,,,,
prealg_4.1_exerc30,step,Exercise 30,"Convert the improper fraction to a mixed number: $$\frac{11}{4}$$",2 3/4,algebra,,,,,,,,,,,,,,,,,,
prealg_4.1_exerc30,hint,Divide,Divide 11 by 4.,,,h1,,,,,,,,,,,,,,,,,
prealg_4.1_exerc31,problem,Convert Improper to Mixed,,,,,,,,,https://openstax.org/books/prealgebra-2e/pages/4-1-visualize-fractions <OpenStax: Prealgebra 2e>,Convert Improper to Mixed,Convert Improper to Mixed,,https://creativecommons.org/licenses/by/4.0/ <CC BY 4.0>,,,,,,,,
prealg_4.1_exerc31,step,Exercise 31,"Convert the improper fraction to a mixed number: $$\frac{13}{5}$$",2 3/5,algebra,,,,,,,,,,,,,,,,,,
prealg_4.1_exerc31,hint,Divide,Divide 13 by 5.,,,h1,,,,,,,,,,,,,,,,,
prealg_4.1_exerc32,problem,Convert Improper to Mixed,,,,,,,,,https://openstax.org/books/prealgebra-2e/pages/4-1-visualize-fractions <OpenStax: Prealgebra 2e>,Convert Improper to Mixed,Convert Improper to Mixed,,https://creativecommons.org/licenses/by/4.0/ <CC BY 4.0>,,,,,,,,
prealg_4.1_exerc32,step,Exercise 32,"Convert the improper fraction to a mixed number: $$\frac{25}{6}$$",4 1/6,algebra,,,,,,,,,,,,,,,,,,
prealg_4.1_exerc32,hint,Divide,Divide 25 by 6.,,,h1,,,,,,,,,,,,,,,,,
prealg_4.1_exerc33,problem,Convert Improper to Mixed,,,,,,,,,https://openstax.org/books/prealgebra-2e/pages/4-1-visualize-fractions <OpenStax: Prealgebra 2e>,Convert Improper to Mixed,Convert Improper to Mixed,,https://creativecommons.org/licenses/by/4.0/ <CC BY 4.0>,,,,,,,,
prealg_4.1_exerc33,step,Exercise 33,"Convert the improper fraction to a mixed number: $$\frac{28}{9}$$",3 1/9,algebra,,,,,,,,,,,,,,,,,,
prealg_4.1_exerc33,hint,Divide,Divide 28 by 9.,,,h1,,,,,,,,,,,,,,,,,
prealg_4.1_exerc34,problem,Convert Improper to Mixed,,,,,,,,,https://openstax.org/books/prealgebra-2e/pages/4-1-visualize-fractions <OpenStax: Prealgebra 2e>,Convert Improper to Mixed,Convert Improper to Mixed,,https://creativecommons.org/licenses/by/4.0/ <CC BY 4.0>,,,,,,,,
prealg_4.1_exerc34,step,Exercise 34,"Convert the improper fraction to a mixed number: $$\frac{42}{13}$$",3 3/13,algebra,,,,,,,,,,,,,,,,,,
prealg_4.1_exerc34,hint,Divide,Divide 42 by 13.,,,h1,,,,,,,,,,,,,,,,,
prealg_4.1_exerc35,problem,Convert Improper to Mixed,,,,,,,,,https://openstax.org/books/prealgebra-2e/pages/4-1-visualize-fractions <OpenStax: Prealgebra 2e>,Convert Improper to Mixed,Convert Improper to Mixed,,https://creativecommons.org/licenses/by/4.0/ <CC BY 4.0>,,,,,,,,
prealg_4.1_exerc35,step,Exercise 35,"Convert the improper fraction to a mixed number: $$\frac{47}{15}$$",3 2/15,algebra,,,,,,,,,,,,,,,,,,
prealg_4.1_exerc35,hint,Divide,Divide 47 by 15.,,,h1,,,,,,,,,,,,,,,,,
prealg_4.1_exerc36,problem,Convert Mixed to Improper,,,,,,,,,https://openstax.org/books/prealgebra-2e/pages/4-1-visualize-fractions <OpenStax: Prealgebra 2e>,Convert Mixed to Improper,Convert Mixed to Improper,,https://creativecommons.org/licenses/by/4.0/ <CC BY 4.0>,,,,,,,,
prealg_4.1_exerc36,step,Exercise 36,"Convert the mixed number to an improper fraction: $$1\frac{2}{3}$$",5/3,algebra,,,,,,,,,,,,,,,,,,
prealg_4.1_exerc36,hint,How-to,"Multiply the whole number (1) by the denominator (3), then add the numerator (2). Place the result over the denominator.",,,h1,,,,,,,,,,,,,,,,,
prealg_4.1_exerc37,problem,Convert Mixed to Improper,,,,,,,,,https://openstax.org/books/prealgebra-2e/pages/4-1-visualize-fractions <OpenStax: Prealgebra 2e>,Convert Mixed to Improper,Convert Mixed to Improper,,https://creativecommons.org/licenses/by/4.0/ <CC BY 4.0>,,,,,,,,
prealg_4.1_exerc37,step,Exercise 37,"Convert the mixed number to an improper fraction: $$1\frac{2}{5}$$",7/5,algebra,,,,,,,,,,,,,,,,,,
prealg_4.1_exerc37,hint,How-to,"Multiply the whole number (1) by the denominator (5), then add the numerator (2). Place the result over the denominator.",,,h1,,,,,,,,,,,,,,,,,
prealg_4.1_exerc38,problem,Convert Mixed to Improper,,,,,,,,,https://openstax.org/books/prealgebra-2e/pages/4-1-visualize-fractions <OpenStax: Prealgebra 2e>,Convert Mixed to Improper,Convert Mixed to Improper,,https://creativecommons.org/licenses/by/4.0/ <CC BY 4.0>,,,,,,,,
prealg_4.1_exerc38,step,Exercise 38,"Convert the mixed number to an improper fraction: $$2\frac{1}{4}$$",9/4,algebra,,,,,,,,,,,,,,,,,,
prealg_4.1_exerc38,hint,How-to,"Multiply the whole number (2) by the denominator (4), then add the numerator (1). Place the result over the denominator.",,,h1,,,,,,,,,,,,,,,,,
prealg_4.1_exerc39,problem,Convert Mixed to Improper,,,,,,,,,https://openstax.org/books/prealgebra-2e/pages/4-1-visualize-fractions <OpenStax: Prealgebra 2e>,Convert Mixed to Improper,Convert Mixed to Improper,,https://creativecommons.org/licenses/by/4.0/ <CC BY 4.0>,,,,,,,,
prealg_4.1_exerc39,step,Exercise 39,"Convert the mixed number to an improper fraction: $$2\frac{5}{6}$$",17/6,algebra,,,,,,,,,,,,,,,,,,
prealg_4.1_exerc39,hint,How-to,"Multiply the whole number (2) by the denominator (6), then add the numerator (5). Place the result over the denominator.",,,h1,,,,,,,,,,,,,,,,,
prealg_4.1_exerc40,problem,Convert Mixed to Improper,,,,,,,,,https://openstax.org/books/prealgebra-2e/pages/4-1-visualize-fractions <OpenStax: Prealgebra 2e>,Convert Mixed to Improper,Convert Mixed to Improper,,https://creativecommons.org/licenses/by/4.0/ <CC BY 4.0>,,,,,,,,
prealg_4.1_exerc40,step,Exercise 40,"Convert the mixed number to an improper fraction: $$2\frac{7}{9}$$",25/9,algebra,,,,,,,,,,,,,,,,,,
prealg_4.1_exerc40,hint,How-to,"Multiply the whole number (2) by the denominator (9), then add the numerator (7). Place the result over the denominator.",,,h1,,,,,,,,,,,,,,,,,
prealg_4.1_exerc41,problem,Convert Mixed to Improper,,,,,,,,,https://openstax.org/books/prealgebra-2e/pages/4-1-visualize-fractions <OpenStax: Prealgebra 2e>,Convert Mixed to Improper,Convert Mixed to Improper,,https://creativecommons.org/licenses/by/4.0/ <CC BY 4.0>,,,,,,,,
prealg_4.1_exerc41,step,Exercise 41,"Convert the mixed number to an improper fraction: $$2\frac{5}{7}$$",19/7,algebra,,,,,,,,,,,,,,,,,,
prealg_4.1_exerc41,hint,How-to,"Multiply the whole number (2) by the denominator (7), then add the numerator (5). Place the result over the denominator.",,,h1,,,,,,,,,,,,,,,,,
prealg_4.1_exerc42,problem,Convert Mixed to Improper,,,,,,,,,https://openstax.org/books/prealgebra-2e/pages/4-1-visualize-fractions <OpenStax: Prealgebra 2e>,Convert Mixed to Improper,Convert Mixed to Improper,,https://creativecommons.org/licenses/by/4.0/ <CC BY 4.0>,,,,,,,,
prealg_4.1_exerc42,step,Exercise 42,"Convert the mixed number to an improper fraction: $$3\frac{4}{7}$$",25/7,algebra,,,,,,,,,,,,,,,,,,
prealg_4.1_exerc42,hint,How-to,"Multiply the whole number (3) by the denominator (7), then add the numerator (4). Place the result over the denominator.",,,h1,,,,,,,,,,,,,,,,,
prealg_4.1_exerc43,problem,Convert Mixed to Improper,,,,,,,,,https://openstax.org/books/prealgebra-2e/pages/4-1-visualize-fractions <OpenStax: Prealgebra 2e>,Convert Mixed to Improper,Convert Mixed to Improper,,https://creativecommons.org/licenses/by/4.0/ <CC BY 4.0>,,,,,,,,
prealg_4.1_exerc43,step,Exercise 43,"Convert the mixed number to an improper fraction: $$3\frac{5}{9}$$",32/9,algebra,,,,,,,,,,,,,,,,,,
prealg_4.1_exerc43,hint,How-to,"Multiply the whole number (3) by the denominator (9), then add the numerator (5). Place the result over the denominator.",,,h1,,,,,,,,,,,,,,,,,
prealg_4.1_exerc44,problem,Equivalent Fractions,,,,,,,,,https://openstax.org/books/prealgebra-2e/pages/4-1-visualize-fractions <OpenStax: Prealgebra 2e>,Equivalent Fractions,Equivalent Fractions,,https://creativecommons.org/licenses/by/4.0/ <CC BY 4.0>,,,,,,,,
prealg_4.1_exerc44,step,Exercise 44,How many sixths equal one-third?,2,numeric,,,,,,,,,,,,,,,,,,
prealg_4.1_exerc44,hint,Find multiplier,"To get 6 in the denominator, what must you multiply 3 by?",,,h1,,,,,,,,,,,,,,,,,
prealg_4.1_exerc44,hint,Multiply numerator,"Multiply the numerator (1) by that same number.",,,h2,h1,,,,,,,,,,,,,,,,
prealg_4.1_exerc45,problem,Equivalent Fractions,,,,,,,,,https://openstax.org/books/prealgebra-2e/pages/4-1-visualize-fractions <OpenStax: Prealgebra 2e>,Equivalent Fractions,Equivalent Fractions,,https://creativecommons.org/licenses/by/4.0/ <CC BY 4.0>,,,,,,,,
prealg_4.1_exerc45,step,Exercise 45,How many twelfths equal one-third?,4,numeric,,,,,,,,,,,,,,,,,,
prealg_4.1_exerc45,hint,Find multiplier,"To get 12 in the denominator, what must you multiply 3 by?",,,h1,,,,,,,,,,,,,,,,,
prealg_4.1_exerc45,hint,Multiply numerator,"Multiply the numerator (1) by that same number.",,,h2,h1,,,,,,,,,,,,,,,,
prealg_4.1_exerc46,problem,Equivalent Fractions,,,,,,,,,https://openstax.org/books/prealgebra-2e/pages/4-1-visualize-fractions <OpenStax: Prealgebra 2e>,Equivalent Fractions,Equivalent Fractions,,https://creativecommons.org/licenses/by/4.0/ <CC BY 4.0>,,,,,,,,
prealg_4.1_exerc46,step,Exercise 46,How many eighths equal three-fourths?,6,numeric,,,,,,,,,,,,,,,,,,
prealg_4.1_exerc46,hint,Find multiplier,"To get 8 in the denominator, what must you multiply 4 by?",,,h1,,,,,,,,,,,,,,,,,
prealg_4.l_exerc46,hint,Multiply numerator,"Multiply the numerator (3) by that same number.",,,h2,h1,,,,,,,,,,,,,,,,
prealg_4.1_exerc47,problem,Equivalent Fractions,,,,,,,,,https://openstax.org/books/prealgebra-2e/pages/4-1-visualize-fractions <OpenStax: Prealgebra 2e>,Equivalent Fractions,Equivalent Fractions,,https://creativecommons.org/licenses/by/4.0/ <CC BY 4.0>,,,,,,,,
prealg_4.1_exerc47,step,Exercise 47,How many twelfths equal three-fourths?,9,numeric,,,,,,,,,,,,,,,,,,
prealg_4.1_exerc47,hint,Find multiplier,"To get 12 in the denominator, what must you multiply 4 by?",,,h1,,,,,,,,,,,,,,,,,
prealg_4.1_exerc47,hint,Multiply numerator,"Multiply the numerator (3) by that same number.",,,h2,h1,,,,,,,,,,,,,,,,
prealg_4.1_exerc48,problem,Equivalent Fractions,,,,,,,,,https://openstax.org/books/prealgebra-2e/pages/4-1-visualize-fractions <OpenStax: Prealgebra 2e>,Equivalent Fractions,Equivalent Fractions,,https://creativecommons.org/licenses/by/4.0/ <CC BY 4.0>,,,,,,,,
prealg_4.1_exerc48,step,Exercise 48,How many fourths equal three-halves?,6,numeric,,,,,,,,,,,,,,,,,,
prealg_4.1_exerc48,hint,Find multiplier,"To get 4 in the denominator, what must you multiply 2 by?",,,h1,,,,,,,,,,,,,,,,,
prealg_4.1_exerc48,hint,Multiply numerator,"Multiply the numerator (3) by that same number.",,,h2,h1,,,,,,,,,,,,,,,,
prealg_4.1_exerc49,problem,Equivalent Fractions,,,,,,,,,https://openstax.org/books/prealgebra-2e/pages/4-1-visualize-fractions <OpenStax: Prealgebra 2e>,Equivalent Fractions,Equivalent Fractions,,https://creativecommons.org/licenses/by/4.0/ <CC BY 4.0>,,,,,,,,
prealg_4.1_exerc49,step,Exercise 49,How many sixths equal three-halves?,9,numeric,,,,,,,,,,,,,,,,,,
prealg_4.1_exerc49,hint,Find multiplier,"To get 6 in the denominator, what must you multiply 2 by?",,,h1,,,,,,,,,,,,,,,,,
prealg_4.1_exerc49,hint,Multiply numerator,"Multiply the numerator (3) by that same number.",,,h2,h1,,,,,,,,,,,,,,,,
prealg_4.1_exerc50,problem,Find Equivalent Fractions,,,,,,,,,https://openstax.org/books/prealgebra-2e/pages/4-1-visualize-fractions <OpenStax: Prealgebra 2e>,Equivalent Fractions,Equivalent Fractions,,https://creativecommons.org/licenses/by/4.0/ <CC BY 4.0>,,,,,,,,
prealg_4.1_exerc50,step,Exercise 50,"Find one fraction equivalent to $$\frac{1}{4}$$.",2/8,algebra,,,,,,,,,,,,,,,,,,
prealg_4.1_exerc50,hint,How-to,"Multiply the numerator (1) and the denominator (4) by the same whole number (like 2, 3, or 4).",,,h1,,,,,,,,,,,,,,,,,
prealg_4.1_exerc51,problem,Find Equivalent Fractions,,,,,,,,,https://openstax.org/books/prealgebra-2e/pages/4-1-visualize-fractions <OpenStax: Prealgebra 2e>,Equivalent Fractions,Equivalent Fractions,,https://creativecommons.org/licenses/by/4.0/ <CC BY 4.0>,,,,,,,,
prealg_4.1_exerc51,step,Exercise 51,"Find one fraction equivalent to $$\frac{1}{3}$$.",2/6,algebra,,,,,,,,,,,,,,,,,,
prealg_4.1_exerc51,hint,How-to,"Multiply the numerator (1) and the denominator (3) by the same whole number (like 2, 3, or 4).",,,h1,,,,,,,,,,,,,,,,,
prealg_4.1_exerc52,problem,Find Equivalent Fractions,,,,,,,,,https://openstax.org/books/prealgebra-2e/pages/4-1-visualize-fractions <OpenStax: Prealgebra 2e>,Equivalent Fractions,Equivalent Fractions,,https://creativecommons.org/licenses/by/4.0/ <CC BY 4.0>,,,,,,,,
prealg_4.1_exerc52,step,Exercise 52,"Find one fraction equivalent to $$\frac{3}{8}$$.",6/16,algebra,,,,,,,,,,,,,,,,,,
prealg_4.1_exerc52,hint,How-to,"Multiply the numerator (3) and the denominator (8) by the same whole number (like 2, 3, or 4).",,,h1,,,,,,,,,,,,,,,,,
prealg_4.1_exerc53,problem,Find Equivalent Fractions,,,,,,,,,https://openstax.org/books/prealgebra-2e/pages/4-1-visualize-fractions <OpenStax: Prealgebra 2e>,Equivalent Fractions,Equivalent Fractions,,https://creativecommons.org/licenses/by/4.0/ <CC BY 4.0>,,,,,,,,
prealg_4.1_exerc53,step,Exercise 53,"Find one fraction equivalent to $$\frac{5}{6}$$.",10/12,algebra,,,,,,,,,,,,,,,,,,
prealg_4.1_exerc53,hint,How-to,"Multiply the numerator (5) and the denominator (6) by the same whole number (like 2, 3, or 4).",,,h1,,,,,,,,,,,,,,,,,
prealg_4.1_exerc54,problem,Find Equivalent Fractions,,,,,,,,,https://openstax.org/books/prealgebra-2e/pages/4-1-visualize-fractions <OpenStax: Prealgebra 2e>,Equivalent Fractions,Equivalent Fractions,,https://creativecommons.org/licenses/by/4.0/ <CC BY 4.0>,,,,,,,,
prealg_4.1_exerc54,step,Exercise 54,"Find one fraction equivalent to $$\frac{2}{7}$$.",4/14,algebra,,,,,,,,,,,,,,,,,,
prealg_4.1_exerc54,hint,How-to,"Multiply the numerator (2) and the denominator (7) by the same whole number (like 2, 3, or 4).",,,h1,,,,,,,,,,,,,,,,,
prealg_4.1_exerc55,problem,Find Equivalent Fractions,,,,,,,,,https://openstax.org/books/prealgebra-2e/pages/4-1-visualize-fractions <OpenStax: Prealgebra 2e>,Equivalent Fractions,Equivalent Fractions,,https://creativecommons.org/licenses/by/4.0/ <CC BY 4.0>,,,,,,,,
prealg_4.1_exerc55,step,Exercise 55,"Find one fraction equivalent to $$\frac{5}{9}$$.",10/18,algebra,,,,,,,,,,,,,,,,,,
prealg_4.1_exerc55,hint,How-to,"Multiply the numerator (5) and the denominator (9) by the same whole number (like 2, 3, or 4).",,,h1,,,,,,,,,,,,,,,,,
prealg_4.1_exerc64,problem,Order Fractions,,,,,,,,,https://openstax.org/books/prealgebra-2e/pages/4-1-visualize-fractions <OpenStax: Prealgebra 2e>,Order Fractions,Order Fractions,,https://creativecommons.org/licenses/by/4.0/ <CC BY 4.0>,,,,,,,,
prealg_4.1_exerc64,step,Exercise 64,"Order the pair of numbers using < or >: $$-1 \_\_ -\frac{1}{4}$$",<,mc,,,"<|>",,,,,,,,,,,,,,
prealg_4.1_exerc64,hint,Number Line,-1 is further to the left on the number line than -1/4, so it is smaller.,,,h1,,,,,,,,,,,,,,,,,
prealg_4.1_exerc65,problem,Order Fractions,,,,,,,,,https://openstax.org/books/prealgebra-2e/pages/4-1-visualize-fractions <OpenStax: Prealgebra 2e>,Order Fractions,Order Fractions,,https://creativecommons.org/licenses/by/4.0/ <CC BY 4.0>,,,,,,,,
prealg_4.1_exerc65,step,Exercise 65,"Order the pair of numbers using < or >: $$-1 \_\_ -\frac{1}{3}$$",<,mc,,,"<|>",,,,,,,,,,,,,,
prealg_4.1_exerc65,hint,Number Line,-1 is further to the left on the number line than -1/3, so it is smaller.,,,h1,,,,,,,,,,,,,,,,,
prealg_4.1_exerc66,problem,Order Fractions,,,,,,,,,https://openstax.org/books/prealgebra-2e/pages/4-1-visualize-fractions <OpenStax: Prealgebra 2e>,Order Fractions,Order Fractions,,https://creativecommons.org/licenses/by/4.0/ <CC BY 4.0>,,,,,,,,
prealg_4.1_exerc66,step,Exercise 66,"Order the pair of numbers using < or >: $$-2\frac{1}{2} \_\_ -3$$",>,mc,,,"<|>",,,,,,,,,,,,,,
prealg_4.1_exerc66,hint,Number Line,-2 1/2 is to the right of -3 on the number line, so it is greater.,,,h1,,,,,,,,,,,,,,,,,
prealg_4.1_exerc67,problem,Order Fractions,,,,,,,,,https://openstax.org/books/prealgebra-2e/pages/4-1-visualize-fractions <OpenStax: Prealgebra 2e>,Order Fractions,Order Fractions,,https://creativecommons.org/licenses/by/4.0/ <CC BY 4.0>,,,,,,,,
prealg_4.1_exerc67,step,Exercise 67,"Order the pair of numbers using < or >: $$-1\frac{3}{4} \_\_ -2$$",>,mc,,,"<|>",,,,,,,,,,,,,,
prealg_4.1_exerc67,hint,Number Line,"-1 3/4 is between -1 and -2. -2 is to the left of -1 3/4, so -1 3/4 is greater.",,,h1,,,,,,,,,,,,,,,,,
prealg_4.1_exerc68,problem,Order Fractions,,,,,,,,,https://openstax.org/books/prealgebra-2e/pages/4-1-visualize-fractions <OpenStax: Prealgebra 2e>,Order Fractions,Order Fractions,,https://creativecommons.org/licenses/by/4.0/ <CC BY 4.0>,,,,,,,,
prealg_4.1_exerc68,step,Exercise 68,"Order the pair of numbers using < or >: $$-\frac{5}{12} \_\_ -\frac{7}{12}$$",>,mc,,,"<|>",,,,,,,,,,,,,,
prealg_4.1_exerc68,hint,Number Line,"Since both denominators are the same, compare the numerators. -5 is to the right of -7 on the number line, so -5/12 is greater.",,,h1,,,,,,,,,,,,,,,,,
prealg_4.1_exerc69,problem,Order Fractions,,,,,,,,,https://openstax.org/books/prealgebra-2e/pages/4-1-visualize-fractions <OpenStax: Prealgebra 2e>,Order Fractions,Order Fractions,,https://creativecommons.org/licenses/by/4.0/ <CC BY 4.0>,,,,,,,,
prealg_4.1_exerc69,step,Exercise 69,"Order the pair of numbers using < or >: $$-\frac{9}{10} \_\_ -\frac{3}{10}$$",<,mc,,,"<|>",,,,,,,,,,,,,,
prealg_4.1_exerc69,hint,Number Line,"Since the denominators are the same, compare the numerators. -9 is to the left of -3 on the number line, so -9/10 is smaller.",,,h1,,,,,,,,,,,,,,,,,
prealg_4.1_exerc70,problem,Order Fractions,,,,,,,,,https://openstax.org/books/prealgebra-2e/pages/4-1-visualize-fractions <OpenStax: Prealgebra 2e>,Order Fractions,Order Fractions,,https://creativecommons.org/licenses/by/4.0/ <CC BY 4.0>,,,,,,,,
prealg_4.1_exerc70,step,Exercise 70,"Order the pair of numbers using < or >: $$-3 \_\_ -\frac{13}{5}$$",<,mc,,,"<|>",,,,,,,,,,,,,,
prealg_4.1_exerc70,hint,Convert,"First, convert the improper fraction to a mixed number.",,,h1,,,,,,,,,,,,,,,,,
prealg_4.1_exerc70,scaffold,Convert,"What is -13/5 as a mixed number?",-2 3/5,algebra,s1,h1,,,,,,,,,,,,,,,
prealg_4.1_exerc70,hint,Number Line,"-3 is to the left of -2 3/5 on the number line, so -3 is smaller.",,,h2,s1,,,,,,,,,,,,,,,,
prealg_4.1_exerc71,problem,Order Fractions,,,,,,,,,https://openstax.org/books/prealgebra-2e/pages/4-1-visualize-fractions <OpenStax: Prealgebra 2e>,Order Fractions,Order Fractions,,https://creativecommons.org/licenses/by/4.0/ <CC BY 4.0>,,,,,,,,
prealg_4.1_exerc71,step,Exercise 71,"Order the pair of numbers using < or >: $$-4 \_\_ -\frac{23}{6}$$",<,mc,,,"<|>",,,,,,,,,,,,,,
prealg_4.1_exerc71,hint,Convert,"First, convert the improper fraction to a mixed number.",,,h1,,,,,,,,,,,,,,,,,
prealg_4.1_exerc71,scaffold,Convert,"What is -23/6 as a mixed number?",-3 5/6,algebra,s1,h1,,,,,,,,,,,,,,,
prealg_4.1_exerc71,hint,Number Line,"-4 is to the left of -3 5/6 on the number line, so -4 is smaller.",,,h2,s1,,,,,,,,,,,,,,,,
prealg_4.1_exerc72,problem,Everyday Math,,,,,,,,,https://openstax.org/books/prealgebra-2e/pages/4-1-visualize-fractions <OpenStax: Prealgebra 2e>,Word Problems,Word Problems,,https://creativecommons.org/licenses/by/4.0/ <CC BY 4.0>,,,,,,,,
prealg_4.1_exerc72,step,Exercise 72,"A choreographed dance is broken into counts. A 1/1 count has one step in a count, a 1/2 count has two steps in a count and a 1/3 count has three steps in a count. How many steps would be in a 1/5 count?",5,numeric,,,,,,,,,,,,,,,,,,
prealg_4.1_exerc72,hint,Pattern,"The denominator of the fraction tells you how many steps are in the count.",,,h1,,,,,,,,,,,,,,,,,
prealg_4.1_exerc73,problem,Everyday Math,,,,,,,,,https://openstax.org/books/prealgebra-2e/pages/4-1-visualize-fractions <OpenStax: Prealgebra 2e>,Word Problems,Word Problems,,https://creativecommons.org/licenses/by/4.0/ <CC BY 4.0>,,,,,,,,
prealg_4.1_exerc73,step,Exercise 73,"In 4/4 time, there are four quarter notes in one measure. How many measures would eight quarter notes make?",2,numeric,,,,,,,,,,,,,,,,,,
prealg_4.1_exerc73,hint,Divide,"Divide the total number of quarter notes (8) by the number of notes per measure (4).",,,h1,,,,,,,,,,,,,,,,,
prealg_4.1_exerc74,problem,Everyday Math,,,,,,,,,https://openstax.org/books/prealgebra-2e/pages/4-1-visualize-fractions <OpenStax: Prealgebra 2e>,Word Problems,Word Problems,,https://creativecommons.org/licenses/by/4.0/ <CC BY 4.0>,,,,,,,,
prealg_4.1_exerc74,step,Exercise 74,"For each pan, she needs 1/2 cup of walnuts. How many cups of walnuts does she need for five pans of fudge?",5/2,algebra,,,,,,,,,,,,,,,,,,
prealg_4.1_exerc74,hint,Multiply,"Multiply the number of pans (5) by the amount of walnuts per pan (1/2).",,,h1,,,,,,,,,,,,,,,,,
